"SBE-1","Champion Email","TI Part Number","TI PCN Number","Expected Risk","Net Revenue (2025-10 to 2026-09)","Status","RA Number(s)","RA Workbook(s)","Uploaded to Delta","Original Email"
"ASM","mjaredwilson@ti.com","F280023PTSR","20240520011","MAJOR_D","22310","FOLLOW_UP","","","NO","Delta_PCN_RA_ASM.eml"
"ASM","mjaredwilson@ti.com","F280039CSPN","20240129003","MAJOR_D","20.6","FOLLOW_UP","","","NO","Delta_PCN_RA_ASM.eml"
"ASM","mjaredwilson@ti.com","F280049PZSR","20250404000","MAJOR","845640","ACQUIRED","123","PCN_20250404000__MPN_F280040PMQR+F280041PMS+F280041PZQR+F280041PZS+F280041PZSR+F280048PMQR+F280049CPMSR+F280049PMS+F280049PMSR+F280049PZQR+F280049PZS+F280049PZSR.xlsx","NO","Delta_PCN_RA_ASM.eml"
"ASM","mjaredwilson@ti.com","F28384DPTPQR","20231219026","MAJOR","27033.47","FOLLOW_UP","","","NO","Delta_PCN_RA_ASM.eml"
"ASM","mjaredwilson@ti.com","F28384DPTPQR","20240813001","MAJOR","27033.47","ACQUIRED","65","PCN_20240813001__MPN_F280023PTQR+F280039CPZQ1+F28384DPTPQR+TMS320F28075PTPQ+TMS320F28075PZPQ+TMS320F28377DPTPQ+TMS320F28377SPTPQ.xlsx","NO","Delta_PCN_RA_ASM.eml"
"ASM","mjaredwilson@ti.com","F28385DZWTSR","20230815000","MAJOR","1651880","FOLLOW_UP","","","NO","Delta_PCN_RA_ASM.eml"
"ASM","mjaredwilson@ti.com","TMS320F28374SZWTT","20240227008","MAJOR_D","57132.5","FOLLOW_UP","","","NO","Delta_PCN_RA_ASM.eml"
"ASM","mjaredwilson@ti.com","TMS320F28377SPTPQ","20240227008","MAJOR_D","24673.4","FOLLOW_UP","","","NO","Delta_PCN_RA_ASM.eml"
"ASM","mjaredwilson@ti.com","TMS320F28377SPTPQ","20240813001","MAJOR","24673.4","ACQUIRED","65","PCN_20240813001__MPN_F280023PTQR+F280039CPZQ1+F28384DPTPQR+TMS320F28075PTPQ+TMS320F28075PZPQ+TMS320F28377DPTPQ+TMS320F28377SPTPQ.xlsx","NO","Delta_PCN_RA_ASM.eml"
"CONNECT","g-sivakumar@ti.com","CC2642R1FRGZR","20231206001","MAJOR_D","84331.5","FOLLOW_UP","","","NO","Delta_PCN_RA_CONNECT.eml"
"DCC","m-chan1@ti.com","AMC1200TDWVRQ1","20260604000","MAJOR","105582","ACQUIRED","RA-COVERAGE-20260604000","__RA_COVERAGE_TRACKER__","NO","Delta_PCN_RA_DCC.eml"
"DCC","m-chan1@ti.com","AMC1301DWVR","20260605001","MAJOR","257801","FOLLOW_UP","","","NO","Delta_PCN_RA_DCC.eml"
"DCC","m-chan1@ti.com","AMC1301QDWVRQ1","20260604000","MAJOR","291515.5","ACQUIRED","RA-COVERAGE-20260604000","__RA_COVERAGE_TRACKER__","NO","Delta_PCN_RA_DCC.eml"
"DCC","m-chan1@ti.com","AMC1301QDWVRQ1","20260605001","MAJOR","291515.5","FOLLOW_UP","","","NO","Delta_PCN_RA_DCC.eml"
"DCC","m-chan1@ti.com","AMC1302QDWVRQ1","20260605001","MAJOR","145260","FOLLOW_UP","","","NO","Delta_PCN_RA_DCC.eml"
"DCC","m-chan1@ti.com","AMC1305L25QDWRQ1","20260604000","MAJOR","65000","ACQUIRED","RA-COVERAGE-20260604000","__RA_COVERAGE_TRACKER__","NO","Delta_PCN_RA_DCC.eml"
"DCC","m-chan1@ti.com","AMC1305M25QDWQ1","20260604000","MAJOR","25564.88","ACQUIRED","RA-COVERAGE-20260604000","__RA_COVERAGE_TRACKER__","NO","Delta_PCN_RA_DCC.eml"
"DCC","m-chan1@ti.com","AMC1305M25QDWRQ1","20260604000","MAJOR","344850","ACQUIRED","RA-COVERAGE-20260604000","__RA_COVERAGE_TRACKER__","NO","Delta_PCN_RA_DCC.eml"
"DCC","m-chan1@ti.com","AMC1311BDWVR","20260605001","MAJOR","68975","FOLLOW_UP","","","NO","Delta_PCN_RA_DCC.eml"
"DCC","m-chan1@ti.com","AMC1311BQDWVRQ1","20260605001","MAJOR","920316.45","FOLLOW_UP","","","NO","Delta_PCN_RA_DCC.eml"
"DCC","m-chan1@ti.com","AMC1311DWVR","20260605001","MAJOR","95353","FOLLOW_UP","","","NO","Delta_PCN_RA_DCC.eml"
"DCC","m-chan1@ti.com","AMC1311QDWVRQ1","20260605001","MAJOR","2265.79","FOLLOW_UP","","","NO","Delta_PCN_RA_DCC.eml"
"DCC","m-chan1@ti.com","AMC1350DWVR","20260605001","MAJOR","11550","FOLLOW_UP","","","NO","Delta_PCN_RA_DCC.eml"
"DCC","m-chan1@ti.com","AMC1350QDWVRQ1","20260605001","MAJOR","2554","FOLLOW_UP","","","NO","Delta_PCN_RA_DCC.eml"
"DCC","m-chan1@ti.com","AMC1351DWVR","20260605001","MAJOR","20460","FOLLOW_UP","","","NO","Delta_PCN_RA_DCC.eml"
"DCC","m-chan1@ti.com","AMC1400QDWLRQ1","20260605001","MAJOR","4750","FOLLOW_UP","","","NO","Delta_PCN_RA_DCC.eml"
"DCC","m-chan1@ti.com","AMC1411DWLR","20260605001","MAJOR","4920","FOLLOW_UP","","","NO","Delta_PCN_RA_DCC.eml"
"DCC","m-chan1@ti.com","AMC1411QDWLRQ1","20260605001","MAJOR","15930","FOLLOW_UP","","","NO","Delta_PCN_RA_DCC.eml"
"DCC","m-chan1@ti.com","CDCE913PWR","20240226007","MAJOR_D","3238","FOLLOW_UP","","","NO","Delta_PCN_RA_DCC.eml"
"DCC","m-chan1@ti.com","CDCE913PWR","20240829005","MAJOR_D","3238","FOLLOW_UP","","","NO","Delta_PCN_RA_DCC.eml"
"DCC","m-chan1@ti.com","SN2011028QDWVRQ1","20260605001","MAJOR","253676.85","FOLLOW_UP","","","NO","Delta_PCN_RA_DCC.eml"
"DCC","m-chan1@ti.com","SN2011029QDWVRQ1","20260605001","MAJOR","217399.25","FOLLOW_UP","","","NO","Delta_PCN_RA_DCC.eml"
"DCC","m-chan1@ti.com","SN201811022DWVR","20260605001","MAJOR","42990","FOLLOW_UP","","","NO","Delta_PCN_RA_DCC.eml"
"DCC","m-chan1@ti.com","TSER953RHBR","20240716001","MAJOR_D","34074","FOLLOW_UP","","","NO","Delta_PCN_RA_DCC.eml"
"HVP","d-snook@ti.com","SN21540QDWKRQ1","20260604000","MAJOR","469138","ACQUIRED","RA-COVERAGE-20260604000","__RA_COVERAGE_TRACKER__","NO","Delta_PCN_RA_HVP.eml"
"HVP","d-snook@ti.com","TPS28225DRBR","20231222000","MAJOR","1706.8","FOLLOW_UP","","","NO","Delta_PCN_RA_HVP.eml"
"HVP","d-snook@ti.com","UC2843AD8TR","20241015002","MAJOR_D","685","UPLOADED_TO_DELTA_WITHOUT_MAPPED_RA","","","YES","Delta_PCN_RA_HVP.eml"
"HVP","d-snook@ti.com","UC2843ADTR","20241015002","MAJOR_D","3425","UPLOADED_TO_DELTA_WITHOUT_MAPPED_RA","","","YES","Delta_PCN_RA_HVP.eml"
"HVP","d-snook@ti.com","UC2843D8TR","20241015002","MAJOR_D","50025","UPLOADED_TO_DELTA_WITHOUT_MAPPED_RA","","","YES","Delta_PCN_RA_HVP.eml"
"HVP","d-snook@ti.com","UC2844AD8TR","20241015002","MAJOR_D","23290","UPLOADED_TO_DELTA_WITHOUT_MAPPED_RA","","","YES","Delta_PCN_RA_HVP.eml"
"HVP","d-snook@ti.com","UC2844ADTR","20241015002","MAJOR_D","7508.5","UPLOADED_TO_DELTA_WITHOUT_MAPPED_RA","","","YES","Delta_PCN_RA_HVP.eml"
"HVP","d-snook@ti.com","UC2845AD8TR","20241015002","MAJOR_D","57353.75","UPLOADED_TO_DELTA_WITHOUT_MAPPED_RA","","","YES","Delta_PCN_RA_HVP.eml"
"HVP","d-snook@ti.com","UC3843AD8TR","20241015002","MAJOR_D","4180","UPLOADED_TO_DELTA_WITHOUT_MAPPED_RA","","","YES","Delta_PCN_RA_HVP.eml"
"HVP","d-snook@ti.com","UC3843ADTR","20241015002","MAJOR_D","555.5","FOLLOW_UP","","","NO","Delta_PCN_RA_HVP.eml"
"HVP","d-snook@ti.com","UCC21222QDRQ1","20260604000","MAJOR","5126","ACQUIRED","RA-COVERAGE-20260604000","__RA_COVERAGE_TRACKER__","NO","Delta_PCN_RA_HVP.eml"
"HVP","d-snook@ti.com","UCC21520QDWRQ1","20260604000","MAJOR","416306","ACQUIRED","RA-COVERAGE-20260604000","__RA_COVERAGE_TRACKER__","NO","Delta_PCN_RA_HVP.eml"
"HVP","d-snook@ti.com","UCC21550BQDWRQ1","20260604000","MAJOR","22721","ACQUIRED","RA-COVERAGE-20260604000","__RA_COVERAGE_TRACKER__","NO","Delta_PCN_RA_HVP.eml"
"HVP","d-snook@ti.com","UCC23513BDWYR","20260813002","MAJOR_D","44170.2","FOLLOW_UP","","","NO","Delta_PCN_RA_HVP.eml"
"HVP","d-snook@ti.com","UCC23513DWYR","20260813002","MAJOR_D","251592.4","FOLLOW_UP","","","NO","Delta_PCN_RA_HVP.eml"
"HVP","d-snook@ti.com","UCC256611DDBR","20260817002","MAJOR_D","4143.5","FOLLOW_UP","","","NO","Delta_PCN_RA_HVP.eml"
"HVP","d-snook@ti.com","UCC27537DBVR","20260427008","MAJOR","185130","FOLLOW_UP","","","NO","Delta_PCN_RA_HVP.eml"
"HVP","d-snook@ti.com","UCC5350MCQDRQ1","20260604000","MAJOR","79460.5","ACQUIRED","RA-COVERAGE-20260604000","__RA_COVERAGE_TRACKER__","NO","Delta_PCN_RA_HVP.eml"
"INT","s-rameshbabu2@ti.com","1P1G3157QDCKRQ1","20251218002","MAJOR","936","FOLLOW_UP","","","NO","Delta_PCN_RA_INT.eml"
"INT","s-rameshbabu2@ti.com","1P1G66QDBVRQ1","20251008002","MAJOR_D","1816.4","FOLLOW_UP","","","NO","Delta_PCN_RA_INT.eml"
"INT","s-rameshbabu2@ti.com","CD40106BM96","20240806003","MAJOR","2475.99","FOLLOW_UP","","","NO","Delta_PCN_RA_INT.eml"
"INT","s-rameshbabu2@ti.com","CD4051BM96","20230906004","MAJOR_D","248","FOLLOW_UP","","","NO","Delta_PCN_RA_INT.eml"
"INT","s-rameshbabu2@ti.com","CD4051BM96","20250304001","MAJOR_D","248","FOLLOW_UP","","","NO","Delta_PCN_RA_INT.eml"
"INT","s-rameshbabu2@ti.com","CD4051BPWR","20250304001","MAJOR_D","8205","FOLLOW_UP","","","NO","Delta_PCN_RA_INT.eml"
"INT","s-rameshbabu2@ti.com","CD4052BE","20230906004","MAJOR_D","627.5","FOLLOW_UP","","","NO","Delta_PCN_RA_INT.eml"
"INT","s-rameshbabu2@ti.com","CD4052BE","20250304001","MAJOR_D","627.5","FOLLOW_UP","","","NO","Delta_PCN_RA_INT.eml"
"INT","s-rameshbabu2@ti.com","CD4052BPWR","20250304001","MAJOR_D","9604","FOLLOW_UP","","","NO","Delta_PCN_RA_INT.eml"
"INT","s-rameshbabu2@ti.com","CD4068BM96","20240806003","MAJOR","577","FOLLOW_UP","","","NO","Delta_PCN_RA_INT.eml"
"INT","s-rameshbabu2@ti.com","CD74HC14M96","20260331002","MAJOR","148","FOLLOW_UP","","","NO","Delta_PCN_RA_INT.eml"
"INT","s-rameshbabu2@ti.com","DSLVDS1047PWR","20250819001","MAJOR","6277.75","FOLLOW_UP","","","NO","Delta_PCN_RA_INT.eml"
"INT","s-rameshbabu2@ti.com","ESD2CAN36DBZRQ1","20260414002","MAJOR","0","FOLLOW_UP","","","NO","Delta_PCN_RA_INT.eml"
"INT","s-rameshbabu2@ti.com","ESD351DPYR","20260413005","MAJOR","4240","FOLLOW_UP","","","NO","Delta_PCN_RA_INT.eml"
"INT","s-rameshbabu2@ti.com","ISO1042BQDWRQ1","20260604000","MAJOR","17600","ACQUIRED","RA-COVERAGE-20260604000","__RA_COVERAGE_TRACKER__","NO","Delta_PCN_RA_INT.eml"
"INT","s-rameshbabu2@ti.com","ISO7220ADR","20241030002","MAJOR","5535","FOLLOW_UP","","","NO","Delta_PCN_RA_INT.eml"
"INT","s-rameshbabu2@ti.com","ISO7220ADR","20260204000","MAJOR","5535","FOLLOW_UP","","","NO","Delta_PCN_RA_INT.eml"
"INT","s-rameshbabu2@ti.com","ISO7220BDR","20241030002","MAJOR","3363.25","FOLLOW_UP","","","NO","Delta_PCN_RA_INT.eml"
"INT","s-rameshbabu2@ti.com","ISO7220BDR","20260204000","MAJOR","3363.25","FOLLOW_UP","","","NO","Delta_PCN_RA_INT.eml"
"INT","s-rameshbabu2@ti.com","ISO7221BDR","20241030002","MAJOR","85197.4","FOLLOW_UP","","","NO","Delta_PCN_RA_INT.eml"
"INT","s-rameshbabu2@ti.com","ISO7221BDR","20260204000","MAJOR","85197.4","FOLLOW_UP","","","NO","Delta_PCN_RA_INT.eml"
"INT","s-rameshbabu2@ti.com","ISO7221CDR","20241030002","MAJOR","22316","FOLLOW_UP","","","NO","Delta_PCN_RA_INT.eml"
"INT","s-rameshbabu2@ti.com","ISO7221CDR","20260204000","MAJOR","22316","FOLLOW_UP","","","NO","Delta_PCN_RA_INT.eml"
"INT","s-rameshbabu2@ti.com","ISO7231CDWR","20241030002","MAJOR","2254","FOLLOW_UP","","","NO","Delta_PCN_RA_INT.eml"
"INT","s-rameshbabu2@ti.com","ISO7231CDWR","20260204000","MAJOR","2254","FOLLOW_UP","","","NO","Delta_PCN_RA_INT.eml"
"INT","s-rameshbabu2@ti.com","ISO7240CDWR","20241030002","MAJOR","8259.599999999999","FOLLOW_UP","","","NO","Delta_PCN_RA_INT.eml"
"INT","s-rameshbabu2@ti.com","ISO7240CDWR","20260204000","MAJOR","8259.599999999999","FOLLOW_UP","","","NO","Delta_PCN_RA_INT.eml"
"INT","s-rameshbabu2@ti.com","ISO7240CFDWR","20241030002","MAJOR","2900.4","FOLLOW_UP","","","NO","Delta_PCN_RA_INT.eml"
"INT","s-rameshbabu2@ti.com","ISO7240CFDWR","20260204000","MAJOR","2900.4","FOLLOW_UP","","","NO","Delta_PCN_RA_INT.eml"
"INT","s-rameshbabu2@ti.com","ISO7241CQDWRQ1","20241119009","MAJOR_D","53.1","FOLLOW_UP","","","NO","Delta_PCN_RA_INT.eml"
"INT","s-rameshbabu2@ti.com","ISO7241CQDWRQ1","20260204000","MAJOR","53.1","FOLLOW_UP","","","NO","Delta_PCN_RA_INT.eml"
"INT","s-rameshbabu2@ti.com","ISO7242CDWR","20241030002","MAJOR","12732.8","FOLLOW_UP","","","NO","Delta_PCN_RA_INT.eml"
"INT","s-rameshbabu2@ti.com","ISO7242CDWR","20260204000","MAJOR","12732.8","FOLLOW_UP","","","NO","Delta_PCN_RA_INT.eml"
"INT","s-rameshbabu2@ti.com","ISO7720DR","20231031007","MAJOR","14300","FOLLOW_UP","","","NO","Delta_PCN_RA_INT.eml"
"INT","s-rameshbabu2@ti.com","ISO7720FDR","20241218004","MAJOR","1021","FOLLOW_UP","","","NO","Delta_PCN_RA_INT.eml"
"INT","s-rameshbabu2@ti.com","ISO7720FDWVR","20240313001","MAJOR","2470","FOLLOW_UP","","","NO","Delta_PCN_RA_INT.eml"
"INT","s-rameshbabu2@ti.com","ISO7720FDWVR","20241220002","MAJOR_D","2470","FOLLOW_UP","","","NO","Delta_PCN_RA_INT.eml"
"INT","s-rameshbabu2@ti.com","ISO7721DR","20231031007","MAJOR","78228.75","FOLLOW_UP","","","NO","Delta_PCN_RA_INT.eml"
"INT","s-rameshbabu2@ti.com","ISO7721DWVR","20241220002","MAJOR_D","760","FOLLOW_UP","","","NO","Delta_PCN_RA_INT.eml"
"INT","s-rameshbabu2@ti.com","ISO7721FDR","20231031007","MAJOR","1900","FOLLOW_UP","","","NO","Delta_PCN_RA_INT.eml"
"INT","s-rameshbabu2@ti.com","ISO7721FDR","20241220002","MAJOR_D","1900","FOLLOW_UP","","","NO","Delta_PCN_RA_INT.eml"
"INT","s-rameshbabu2@ti.com","ISO7740DBQR","20241218004","MAJOR","525","FOLLOW_UP","","","NO","Delta_PCN_RA_INT.eml"
"INT","s-rameshbabu2@ti.com","ISO7740FDWR","20241220002","MAJOR_D","5460","FOLLOW_UP","","","NO","Delta_PCN_RA_INT.eml"
"INT","s-rameshbabu2@ti.com","ISO7740QDWRQ1","20241220002","MAJOR_D","1600","FOLLOW_UP","","","NO","Delta_PCN_RA_INT.eml"
"INT","s-rameshbabu2@ti.com","ISO7740QDWRQ1","20250417003","MAJOR","1600","FOLLOW_UP","","","NO","Delta_PCN_RA_INT.eml"
"INT","s-rameshbabu2@ti.com","ISO7741DBQR","20241218004","MAJOR","3150","FOLLOW_UP","","","NO","Delta_PCN_RA_INT.eml"
"INT","s-rameshbabu2@ti.com","ISO7741FDBQR","20241218004","MAJOR","10271","FOLLOW_UP","","","NO","Delta_PCN_RA_INT.eml"
"INT","s-rameshbabu2@ti.com","ISO7742DBQR","20241218004","MAJOR","46709","FOLLOW_UP","","","NO","Delta_PCN_RA_INT.eml"
"INT","s-rameshbabu2@ti.com","ISO7760DBQR","20240502003","MAJOR_D","2850","FOLLOW_UP","","","NO","Delta_PCN_RA_INT.eml"
"INT","s-rameshbabu2@ti.com","ISO7760DBQR","20241218004","MAJOR","2850","FOLLOW_UP","","","NO","Delta_PCN_RA_INT.eml"
"INT","s-rameshbabu2@ti.com","ISO7760FDWR","20240502003","MAJOR_D","486425","FOLLOW_UP","","","NO","Delta_PCN_RA_INT.eml"
"INT","s-rameshbabu2@ti.com","ISO7761DWR","20240502003","MAJOR_D","31654","FOLLOW_UP","","","NO","Delta_PCN_RA_INT.eml"
"INT","s-rameshbabu2@ti.com","ISO7761FDBQR","20240502003","MAJOR_D","1125","FOLLOW_UP","","","NO","Delta_PCN_RA_INT.eml"
"INT","s-rameshbabu2@ti.com","ISO7761FDBQR","20241218004","MAJOR","1125","FOLLOW_UP","","","NO","Delta_PCN_RA_INT.eml"
"INT","s-rameshbabu2@ti.com","ISO7761FDWR","20240502003","MAJOR_D","27280","FOLLOW_UP","","","NO","Delta_PCN_RA_INT.eml"
"INT","s-rameshbabu2@ti.com","ISO7762DWR","20240502003","MAJOR_D","10868","FOLLOW_UP","","","NO","Delta_PCN_RA_INT.eml"
"INT","s-rameshbabu2@ti.com","ISO7762FDWR","20240502003","MAJOR_D","723963","FOLLOW_UP","","","NO","Delta_PCN_RA_INT.eml"
"INT","s-rameshbabu2@ti.com","ISO7762FQDWQ1","20240502003","MAJOR_D","7800","FOLLOW_UP","","","NO","Delta_PCN_RA_INT.eml"
"INT","s-rameshbabu2@ti.com","ISO7763DBQR","20240502003","MAJOR_D","950","FOLLOW_UP","","","NO","Delta_PCN_RA_INT.eml"
"INT","s-rameshbabu2@ti.com","ISO7763DBQR","20241218004","MAJOR","950","FOLLOW_UP","","","NO","Delta_PCN_RA_INT.eml"
"INT","s-rameshbabu2@ti.com","ISO7763DWR","20240502003","MAJOR_D","15200","FOLLOW_UP","","","NO","Delta_PCN_RA_INT.eml"
"INT","s-rameshbabu2@ti.com","ISO7763FDWR","20240502003","MAJOR_D","189391","FOLLOW_UP","","","NO","Delta_PCN_RA_INT.eml"
"INT","s-rameshbabu2@ti.com","LSF0102DQER","20251126001","MAJOR","23800","FOLLOW_UP","","","NO","Delta_PCN_RA_INT.eml"
"INT","s-rameshbabu2@ti.com","MAX232EIDR","20240221008","MAJOR_D","2033.49","FOLLOW_UP","","","NO","Delta_PCN_RA_INT.eml"
"INT","s-rameshbabu2@ti.com","PCA9306DQER","20230913000","MAJOR_D","5160","FOLLOW_UP","","","NO","Delta_PCN_RA_INT.eml"
"INT","s-rameshbabu2@ti.com","PCA9306DQER","20230915001","MAJOR","5160","FOLLOW_UP","","","NO","Delta_PCN_RA_INT.eml"
"INT","s-rameshbabu2@ti.com","PCF8574APWR","20240930003","MAJOR_D","800","FOLLOW_UP","","","NO","Delta_PCN_RA_INT.eml"
"INT","s-rameshbabu2@ti.com","SN65HVD1780DR","20231222000","MAJOR","30758.5","FOLLOW_UP","","","NO","Delta_PCN_RA_INT.eml"
"INT","s-rameshbabu2@ti.com","SN65HVD1785DR","20231222000","MAJOR","56482.5","FOLLOW_UP","","","NO","Delta_PCN_RA_INT.eml"
"INT","s-rameshbabu2@ti.com","SN74AC04QPWRG4Q1","20241104000","MAJOR_D","1012","FOLLOW_UP","","","NO","Delta_PCN_RA_INT.eml"
"INT","s-rameshbabu2@ti.com","SN74ACT04DR","20241104000","MAJOR_D","40818.5","FOLLOW_UP","","","NO","Delta_PCN_RA_INT.eml"
"INT","s-rameshbabu2@ti.com","SN74AHC08PWR","20230927000","MAJOR","170236","FOLLOW_UP","","","NO","Delta_PCN_RA_INT.eml"
"INT","s-rameshbabu2@ti.com","SN74AHC14PWR","20240808000","MAJOR_D","1236","FOLLOW_UP","","","NO","Delta_PCN_RA_INT.eml"
"INT","s-rameshbabu2@ti.com","SN74AHC1G02DCKR","20230927000","MAJOR","14388","FOLLOW_UP","","","NO","Delta_PCN_RA_INT.eml"
"INT","s-rameshbabu2@ti.com","SN74AHC1G04DRLR","20250827001","MAJOR","416","FOLLOW_UP","","","NO","Delta_PCN_RA_INT.eml"
"INT","s-rameshbabu2@ti.com","SN74AHC1G32DBVR","20240813006","MAJOR_D","207.6","FOLLOW_UP","","","NO","Delta_PCN_RA_INT.eml"
"INT","s-rameshbabu2@ti.com","SN74AHC1G86DBVR","20240813006","MAJOR_D","1346","FOLLOW_UP","","","NO","Delta_PCN_RA_INT.eml"
"INT","s-rameshbabu2@ti.com","SN74AHC244PWR","20240628002","MAJOR","15938","FOLLOW_UP","","","NO","Delta_PCN_RA_INT.eml"
"INT","s-rameshbabu2@ti.com","SN74AHC595PWR","20240502010","MAJOR_D","51480","FOLLOW_UP","","","NO","Delta_PCN_RA_INT.eml"
"INT","s-rameshbabu2@ti.com","SN74AHCT14PWR","20240808000","MAJOR_D","107.8","FOLLOW_UP","","","NO","Delta_PCN_RA_INT.eml"
"INT","s-rameshbabu2@ti.com","SN74AHCT1G08DBVR","20240813006","MAJOR_D","960","FOLLOW_UP","","","NO","Delta_PCN_RA_INT.eml"
"INT","s-rameshbabu2@ti.com","SN74AHCT1G08DCKR","20230927000","MAJOR","6276.5","FOLLOW_UP","","","NO","Delta_PCN_RA_INT.eml"
"INT","s-rameshbabu2@ti.com","SN74AHCT1G08DCKR","20231218002","MAJOR_D","6276.5","FOLLOW_UP","","","NO","Delta_PCN_RA_INT.eml"
"INT","s-rameshbabu2@ti.com","SN74AHCT1G125DBVR","20231219000","MAJOR","686.5999999999999","FOLLOW_UP","","","NO","Delta_PCN_RA_INT.eml"
"INT","s-rameshbabu2@ti.com","SN74AHCT1G125DCKR","20230927000","MAJOR","26350.5","FOLLOW_UP","","","NO","Delta_PCN_RA_INT.eml"
"INT","s-rameshbabu2@ti.com","SN74AHCT1G125DCKR","20231218002","MAJOR_D","26350.5","FOLLOW_UP","","","NO","Delta_PCN_RA_INT.eml"
"INT","s-rameshbabu2@ti.com","SN74AHCT1G126DCKR","20231218002","MAJOR_D","22639.6","FOLLOW_UP","","","NO","Delta_PCN_RA_INT.eml"
"INT","s-rameshbabu2@ti.com","SN74AHCT244PWR","20240628002","MAJOR","360","FOLLOW_UP","","","NO","Delta_PCN_RA_INT.eml"
"INT","s-rameshbabu2@ti.com","SN74AHCT541DWR","20240628002","MAJOR","27.5","FOLLOW_UP","","","NO","Delta_PCN_RA_INT.eml"
"INT","s-rameshbabu2@ti.com","SN74AHCT541DWR","20250131001","MAJOR_D","27.5","FOLLOW_UP","","","NO","Delta_PCN_RA_INT.eml"
"INT","s-rameshbabu2@ti.com","SN74AVC2T245RSWR","20260514000","MAJOR_D","94146","FOLLOW_UP","","","NO","Delta_PCN_RA_INT.eml"
"INT","s-rameshbabu2@ti.com","SN74AVC4T774RSVR","20251210000","MAJOR_D","75056.4","FOLLOW_UP","","","NO","Delta_PCN_RA_INT.eml"
"INT","s-rameshbabu2@ti.com","SN74CB3T3245PWR","20260506001","MAJOR_D","977.6","FOLLOW_UP","","","NO","Delta_PCN_RA_INT.eml"
"INT","s-rameshbabu2@ti.com","SN74CBTLV3125PWR","20260806004","MAJOR_D","34366","FOLLOW_UP","","","NO","Delta_PCN_RA_INT.eml"
"INT","s-rameshbabu2@ti.com","SN74CBTLV3126PWR","20260806004","MAJOR_D","108182","FOLLOW_UP","","","NO","Delta_PCN_RA_INT.eml"
"INT","s-rameshbabu2@ti.com","SN74CBTLV3126RGYR","20260806004","MAJOR_D","630","FOLLOW_UP","","","NO","Delta_PCN_RA_INT.eml"
"INT","s-rameshbabu2@ti.com","SN74CBTLV3245ADBQR","20260615000","MAJOR_D","1680","FOLLOW_UP","","","NO","Delta_PCN_RA_INT.eml"
"INT","s-rameshbabu2@ti.com","SN74CBTLV3245APWR","20260615000","MAJOR_D","17192","FOLLOW_UP","","","NO","Delta_PCN_RA_INT.eml"
"INT","s-rameshbabu2@ti.com","SN74CBTLV3251PWR","20260806001","MAJOR_D","13366","FOLLOW_UP","","","NO","Delta_PCN_RA_INT.eml"
"INT","s-rameshbabu2@ti.com","SN74CBTLV3253PWR","20260806001","MAJOR_D","41314","FOLLOW_UP","","","NO","Delta_PCN_RA_INT.eml"
"INT","s-rameshbabu2@ti.com","SN74CBTLV3257PWR","20260806001","MAJOR_D","24852","FOLLOW_UP","","","NO","Delta_PCN_RA_INT.eml"
"INT","s-rameshbabu2@ti.com","SN74HC00DR","20260331002","MAJOR","80767.5","FOLLOW_UP","","","NO","Delta_PCN_RA_INT.eml"
"INT","s-rameshbabu2@ti.com","SN74HC02DR","20260331002","MAJOR","240","FOLLOW_UP","","","NO","Delta_PCN_RA_INT.eml"
"INT","s-rameshbabu2@ti.com","SN74HC04DR","20260331002","MAJOR","368","FOLLOW_UP","","","NO","Delta_PCN_RA_INT.eml"
"INT","s-rameshbabu2@ti.com","SN74HC04PWR","20260331002","MAJOR","832","FOLLOW_UP","","","NO","Delta_PCN_RA_INT.eml"
"INT","s-rameshbabu2@ti.com","SN74HC08DR","20260331002","MAJOR","30167.5","FOLLOW_UP","","","NO","Delta_PCN_RA_INT.eml"
"INT","s-rameshbabu2@ti.com","SN74HC08PWR","20260331002","MAJOR","3882.2","FOLLOW_UP","","","NO","Delta_PCN_RA_INT.eml"
"INT","s-rameshbabu2@ti.com","SN74HC132DR","20260331002","MAJOR","2837.5","FOLLOW_UP","","","NO","Delta_PCN_RA_INT.eml"
"INT","s-rameshbabu2@ti.com","SN74HC132NSR","20260331002","MAJOR","220","FOLLOW_UP","","","NO","Delta_PCN_RA_INT.eml"
"INT","s-rameshbabu2@ti.com","SN74HC14DR","20260331002","MAJOR","63457","FOLLOW_UP","","","NO","Delta_PCN_RA_INT.eml"
"INT","s-rameshbabu2@ti.com","SN74LV1T02DCKR","20240805007","MAJOR_D","3168","FOLLOW_UP","","","NO","Delta_PCN_RA_INT.eml"
"INT","s-rameshbabu2@ti.com","SN74LV1T08DCKR","20240805007","MAJOR_D","2250","FOLLOW_UP","","","NO","Delta_PCN_RA_INT.eml"
"INT","s-rameshbabu2@ti.com","SN74LV1T125DCKR","20230927000","MAJOR","11316","FOLLOW_UP","","","NO","Delta_PCN_RA_INT.eml"
"INT","s-rameshbabu2@ti.com","SN74LV1T34DBVR","20240813006","MAJOR_D","1755","FOLLOW_UP","","","NO","Delta_PCN_RA_INT.eml"
"INT","s-rameshbabu2@ti.com","SN74LV1T34DCKR","20240805007","MAJOR_D","384","FOLLOW_UP","","","NO","Delta_PCN_RA_INT.eml"
"INT","s-rameshbabu2@ti.com","SN74LV1T34DCKR","20251218002","MAJOR","384","FOLLOW_UP","","","NO","Delta_PCN_RA_INT.eml"
"INT","s-rameshbabu2@ti.com","SN74LV4051APWR","20240613005","MAJOR_D","1410.5","FOLLOW_UP","","","NO","Delta_PCN_RA_INT.eml"
"INT","s-rameshbabu2@ti.com","SN74LV4051ATDRQ1","20250312001","MAJOR_D","2550","FOLLOW_UP","","","NO","Delta_PCN_RA_INT.eml"
"INT","s-rameshbabu2@ti.com","SN74LV4051ATPWRQ1","20240613005","MAJOR_D","510","FOLLOW_UP","","","NO","Delta_PCN_RA_INT.eml"
"INT","s-rameshbabu2@ti.com","SN74LV541ATPWR","20250618007","MAJOR","19574","FOLLOW_UP","","","NO","Delta_PCN_RA_INT.eml"
"INT","s-rameshbabu2@ti.com","SN74LVC02APWR","20240514001","MAJOR","130","FOLLOW_UP","","","NO","Delta_PCN_RA_INT.eml"
"INT","s-rameshbabu2@ti.com","SN74LVC02APWR","20240520006","MAJOR_D","130","FOLLOW_UP","","","NO","Delta_PCN_RA_INT.eml"
"INT","s-rameshbabu2@ti.com","SN74LVC08ADRG4","20250306000","MAJOR_D","3580","FOLLOW_UP","","","NO","Delta_PCN_RA_INT.eml"
"INT","s-rameshbabu2@ti.com","SN74LVC08ADRG4","20250710001","MAJOR_D","3580","FOLLOW_UP","","","NO","Delta_PCN_RA_INT.eml"
"INT","s-rameshbabu2@ti.com","SN74LVC08APWR","20240520006","MAJOR_D","21901","FOLLOW_UP","","","NO","Delta_PCN_RA_INT.eml"
"INT","s-rameshbabu2@ti.com","SN74LVC08APWT","20240520006","MAJOR_D","2233.6","FOLLOW_UP","","","NO","Delta_PCN_RA_INT.eml"
"INT","s-rameshbabu2@ti.com","SN74LVC125ADBR","20240520006","MAJOR_D","2712","FOLLOW_UP","","","NO","Delta_PCN_RA_INT.eml"
"INT","s-rameshbabu2@ti.com","SN74LVC125APWR","20240520006","MAJOR_D","59334","FOLLOW_UP","","","NO","Delta_PCN_RA_INT.eml"
"INT","s-rameshbabu2@ti.com","SN74LVC126APWR","20251209000","MAJOR","6651.8","FOLLOW_UP","","","NO","Delta_PCN_RA_INT.eml"
"INT","s-rameshbabu2@ti.com","SN74LVC1G04DBVR","20250709002","MAJOR_D","5282.1","FOLLOW_UP","","","NO","Delta_PCN_RA_INT.eml"
"INT","s-rameshbabu2@ti.com","SN74LVC1G06DBVR","20250709002","MAJOR_D","72","FOLLOW_UP","","","NO","Delta_PCN_RA_INT.eml"
"INT","s-rameshbabu2@ti.com","SN74LVC1G07DBVR","20250709002","MAJOR_D","345","FOLLOW_UP","","","NO","Delta_PCN_RA_INT.eml"
"INT","s-rameshbabu2@ti.com","SN74LVC1G14DBVR","20250709002","MAJOR_D","1188","FOLLOW_UP","","","NO","Delta_PCN_RA_INT.eml"
"INT","s-rameshbabu2@ti.com","SN74LVC1G17DBVR","20250709002","MAJOR_D","16568.6","FOLLOW_UP","","","NO","Delta_PCN_RA_INT.eml"
"INT","s-rameshbabu2@ti.com","SN74LVC1G17QDBVRQ1","20250709002","MAJOR_D","3024","FOLLOW_UP","","","NO","Delta_PCN_RA_INT.eml"
"INT","s-rameshbabu2@ti.com","SN74LVC1G34DCKT","20260313003","MAJOR_D","3240","FOLLOW_UP","","","NO","Delta_PCN_RA_INT.eml"
"INT","s-rameshbabu2@ti.com","SN74LVC1T45DRLR","20240822001","MAJOR_D","243.2","FOLLOW_UP","","","NO","Delta_PCN_RA_INT.eml"
"INT","s-rameshbabu2@ti.com","SN74LVC244APWR","20260730000","MAJOR_D","85700","FOLLOW_UP","","","NO","Delta_PCN_RA_INT.eml"
"INT","s-rameshbabu2@ti.com","SN74LVC244AQPWRQ1","20251017000","MAJOR","3760.13","FOLLOW_UP","","","NO","Delta_PCN_RA_INT.eml"
"INT","s-rameshbabu2@ti.com","SN74LVC244ARGYR","20260730000","MAJOR_D","10349.5","FOLLOW_UP","","","NO","Delta_PCN_RA_INT.eml"
"INT","s-rameshbabu2@ti.com","SN74LVC244ARWPR","20260730000","MAJOR_D","1071","FOLLOW_UP","","","NO","Delta_PCN_RA_INT.eml"
"INT","s-rameshbabu2@ti.com","SN74LVC2T45DCUR","20240822001","MAJOR_D","1320","FOLLOW_UP","","","NO","Delta_PCN_RA_INT.eml"
"INT","s-rameshbabu2@ti.com","SN74LVC32APWR","20240520006","MAJOR_D","99186.6","FOLLOW_UP","","","NO","Delta_PCN_RA_INT.eml"
"INT","s-rameshbabu2@ti.com","SN74LVC4245APWR","20260602001","MAJOR_D","2840","FOLLOW_UP","","","NO","Delta_PCN_RA_INT.eml"
"INT","s-rameshbabu2@ti.com","SN74LVC540ADWR","20260709000","MAJOR_D","5434","FOLLOW_UP","","","NO","Delta_PCN_RA_INT.eml"
"INT","s-rameshbabu2@ti.com","SN74LVC540APWR","20260730000","MAJOR_D","74978.6","FOLLOW_UP","","","NO","Delta_PCN_RA_INT.eml"
"INT","s-rameshbabu2@ti.com","SN74LVC541APWR","20260730000","MAJOR_D","63162","FOLLOW_UP","","","NO","Delta_PCN_RA_INT.eml"
"INT","s-rameshbabu2@ti.com","SN74LVC74APWR","20241209001","MAJOR","9576","FOLLOW_UP","","","NO","Delta_PCN_RA_INT.eml"
"INT","s-rameshbabu2@ti.com","SN74LVC86APWR","20241209001","MAJOR","8588.8","FOLLOW_UP","","","NO","Delta_PCN_RA_INT.eml"
"INT","s-rameshbabu2@ti.com","SN74LVC8T245PWR","20260602001","MAJOR_D","2084","FOLLOW_UP","","","NO","Delta_PCN_RA_INT.eml"
"INT","s-rameshbabu2@ti.com","TCA6408APWR","20260618000","MAJOR","12628","FOLLOW_UP","","","NO","Delta_PCN_RA_INT.eml"
"INT","s-rameshbabu2@ti.com","TCA6424ARGJR","20260618000","MAJOR","41015.2","FOLLOW_UP","","","NO","Delta_PCN_RA_INT.eml"
"INT","s-rameshbabu2@ti.com","TCA9539QPWRQ1","20260316004","MAJOR","1292","FOLLOW_UP","","","NO","Delta_PCN_RA_INT.eml"
"INT","s-rameshbabu2@ti.com","TCA9617BDGKR","20240619002","MAJOR_D","2920","FOLLOW_UP","","","NO","Delta_PCN_RA_INT.eml"
"INT","s-rameshbabu2@ti.com","TCA9617BDGKR","20260330003","MAJOR_D","2920","FOLLOW_UP","","","NO","Delta_PCN_RA_INT.eml"
"INT","s-rameshbabu2@ti.com","TCAN1043ADMTRQ1","20260312002","MAJOR_D","1930.31","FOLLOW_UP","","","NO","Delta_PCN_RA_INT.eml"
"INT","s-rameshbabu2@ti.com","TCAN1043ADRQ1","20260312002","MAJOR_D","15860","FOLLOW_UP","","","NO","Delta_PCN_RA_INT.eml"
"INT","s-rameshbabu2@ti.com","TCAN1044AVDRBRQ1","20231221003","MAJOR","450","FOLLOW_UP","","","NO","Delta_PCN_RA_INT.eml"
"INT","s-rameshbabu2@ti.com","TCAN1044AVDRQ1","20231221003","MAJOR","15840","FOLLOW_UP","","","NO","Delta_PCN_RA_INT.eml"
"INT","s-rameshbabu2@ti.com","TCAN11623DMTRQ1","20251107002","MAJOR_D","52.440000000000005","FOLLOW_UP","","","NO","Delta_PCN_RA_INT.eml"
"INT","s-rameshbabu2@ti.com","TCAN4551RGYRQ1","20231221003","MAJOR","2700","FOLLOW_UP","","","NO","Delta_PCN_RA_INT.eml"
"INT","s-rameshbabu2@ti.com","TMUX4053PWR","20240822004","MAJOR_D","760","FOLLOW_UP","","","NO","Delta_PCN_RA_INT.eml"
"INT","s-rameshbabu2@ti.com","TMUX6219DGKR","20240822003","MAJOR_D","42981.5","FOLLOW_UP","","","NO","Delta_PCN_RA_INT.eml"
"INT","s-rameshbabu2@ti.com","TPD1E1B04DPYR","20260413005","MAJOR","1000","FOLLOW_UP","","","NO","Delta_PCN_RA_INT.eml"
"INT","s-rameshbabu2@ti.com","TRS3223QPWRQ1","20250630000","MAJOR","7812","FOLLOW_UP","","","NO","Delta_PCN_RA_INT.eml"
"INT","s-rameshbabu2@ti.com","TS3USB221EDRCR","20240312002","MAJOR_D","7554","FOLLOW_UP","","","NO","Delta_PCN_RA_INT.eml"
"INT","s-rameshbabu2@ti.com","TS3USB221EDRCR","20240819002","MAJOR_D","7554","FOLLOW_UP","","","NO","Delta_PCN_RA_INT.eml"
"INT","s-rameshbabu2@ti.com","TUSB7340RKMR","20240312002","MAJOR_D","341562","FOLLOW_UP","","","NO","Delta_PCN_RA_INT.eml"
"INT","s-rameshbabu2@ti.com","TXS0102DCTR","20231128000","MAJOR","444","FOLLOW_UP","","","NO","Delta_PCN_RA_INT.eml"
"INT","s-rameshbabu2@ti.com","TXS0102DCUR","20231128000","MAJOR","1776","FOLLOW_UP","","","NO","Delta_PCN_RA_INT.eml"
"INT","s-rameshbabu2@ti.com","TXS0108EPWR","20240129007","MAJOR_D","69125","FOLLOW_UP","","","NO","Delta_PCN_RA_INT.eml"
"INT","s-rameshbabu2@ti.com","TXS0108EPWR","20240502000","MAJOR_D","69125","FOLLOW_UP","","","NO","Delta_PCN_RA_INT.eml"
"INT","s-rameshbabu2@ti.com","TXS0108ERGYR","20240129007","MAJOR_D","26907","FOLLOW_UP","","","NO","Delta_PCN_RA_INT.eml"
"INT","s-rameshbabu2@ti.com","TXS0108ERGYR","20240502000","MAJOR_D","26907","FOLLOW_UP","","","NO","Delta_PCN_RA_INT.eml"
"IPP","v-trambadiya@ti.com","CSD95490Q5MC","20241230000","MAJOR_D","21875","FOLLOW_UP","","","NO","Delta_PCN_RA_IPP.eml"
"IPP","v-trambadiya@ti.com","LP87524BRNFRQ1","20231016000","MAJOR","4332","ACQUIRED","RA-COVERAGE-20231016000","__RA_COVERAGE_TRACKER__","NO","Delta_PCN_RA_IPP.eml"
"LAMPS","tom.b@ti.com","INA117KU","20260501000","MAJOR_D","0","FOLLOW_UP","","","NO","Delta_PCN_RA_LAMPS.eml"
"LAMPS","tom.b@ti.com","LM211QDRQ1","20250806001","MAJOR","470.5","FOLLOW_UP","","","NO","Delta_PCN_RA_LAMPS.eml"
"LAMPS","tom.b@ti.com","LM258DGKR","20251212001","MAJOR","1102","FOLLOW_UP","","","NO","Delta_PCN_RA_LAMPS.eml"
"LAMPS","tom.b@ti.com","LM2902KAVQDR","20241119003","MAJOR","7818.75","FOLLOW_UP","","","NO","Delta_PCN_RA_LAMPS.eml"
"LAMPS","tom.b@ti.com","LM2903BIDR","20251009001","MAJOR_D","20430","FOLLOW_UP","","","NO","Delta_PCN_RA_LAMPS.eml"
"LAMPS","tom.b@ti.com","LM2904AVQDRQ1","20260702002","MAJOR","17795.7","FOLLOW_UP","","","NO","Delta_PCN_RA_LAMPS.eml"
"LAMPS","tom.b@ti.com","LM2904BIDGKR","20251212001","MAJOR","157967.5","FOLLOW_UP","","","NO","Delta_PCN_RA_LAMPS.eml"
"LAMPS","tom.b@ti.com","LM2904BQDGKRQ1","20260702002","MAJOR","4662","FOLLOW_UP","","","NO","Delta_PCN_RA_LAMPS.eml"
"LAMPS","tom.b@ti.com","LM358ADGKR","20251212001","MAJOR","102112","FOLLOW_UP","","","NO","Delta_PCN_RA_LAMPS.eml"
"LAMPS","tom.b@ti.com","LM358BIDGKR","20251212001","MAJOR","19411","FOLLOW_UP","","","NO","Delta_PCN_RA_LAMPS.eml"
"LAMPS","tom.b@ti.com","LM393BIDR","20251009001","MAJOR_D","701.5","FOLLOW_UP","","","NO","Delta_PCN_RA_LAMPS.eml"
"LAMPS","tom.b@ti.com","LMV7275IDCKRQ1","20260507000","MAJOR","12582","FOLLOW_UP","","","NO","Delta_PCN_RA_LAMPS.eml"
"LAMPS","tom.b@ti.com","NA555DR","20260326003","MAJOR","6603.5","FOLLOW_UP","","","NO","Delta_PCN_RA_LAMPS.eml"
"LAMPS","tom.b@ti.com","NA556DR","20250115001","MAJOR","385","FOLLOW_UP","","","NO","Delta_PCN_RA_LAMPS.eml"
"LAMPS","tom.b@ti.com","NA556DR","20260330000","MAJOR","385","FOLLOW_UP","","","NO","Delta_PCN_RA_LAMPS.eml"
"LAMPS","tom.b@ti.com","NE555DR","20260326003","MAJOR","27720","FOLLOW_UP","","","NO","Delta_PCN_RA_LAMPS.eml"
"LAMPS","tom.b@ti.com","NE555P","20260326003","MAJOR","58.8","ACQUIRED","181","PCN_20260326003__MPN_NE555P.xlsx","NO","Delta_PCN_RA_LAMPS.eml"
"LAMPS","tom.b@ti.com","OPA197IDBVT","20240326001","MAJOR","7470","FOLLOW_UP","","","NO","Delta_PCN_RA_LAMPS.eml"
"LAMPS","tom.b@ti.com","OPA2187IDR","20240628012","MAJOR","37440","FOLLOW_UP","","","NO","Delta_PCN_RA_LAMPS.eml"
"LAMPS","tom.b@ti.com","OPA328DBVR","20260421001","MAJOR_D","201600","ACQUIRED","184","PCN_20260421001__MPN_OPAx328.xlsx","YES","Delta_PCN_RA_LAMPS.eml"
"LAMPS","tom.b@ti.com","OPA376AIDBVT","20240723009","MAJOR","2116","FOLLOW_UP","","","NO","Delta_PCN_RA_LAMPS.eml"
"LAMPS","tom.b@ti.com","OPA376AIDCKR","20240723009","MAJOR","814580","FOLLOW_UP","","","NO","Delta_PCN_RA_LAMPS.eml"
"LAMPS","tom.b@ti.com","OPA4192IDR","20260223007","MAJOR","12500","FOLLOW_UP","","","NO","Delta_PCN_RA_LAMPS.eml"
"LAMPS","tom.b@ti.com","OPA828ID","20260223007","MAJOR","707.81","FOLLOW_UP","","","NO","Delta_PCN_RA_LAMPS.eml"
"LAMPS","tom.b@ti.com","SA555DR","20260326003","MAJOR","11965","FOLLOW_UP","","","NO","Delta_PCN_RA_LAMPS.eml"
"LAMPS","tom.b@ti.com","SE555DR","20260326003","MAJOR","5000","FOLLOW_UP","","","NO","Delta_PCN_RA_LAMPS.eml"
"LAMPS","tom.b@ti.com","THS4551IRGTR","20251014000","MAJOR","14700","FOLLOW_UP","","","NO","Delta_PCN_RA_LAMPS.eml"
"LAMPS","tom.b@ti.com","TL3472IDR","20260611002","MAJOR_D","3783.5","FOLLOW_UP","","","NO","Delta_PCN_RA_LAMPS.eml"
"LAMPS","tom.b@ti.com","TLC555CDR","20260217004","MAJOR","4097.5","FOLLOW_UP","","","NO","Delta_PCN_RA_LAMPS.eml"
"LAMPS","tom.b@ti.com","TLC555IDR","20260217004","MAJOR","16958.35","FOLLOW_UP","","","NO","Delta_PCN_RA_LAMPS.eml"
"LAMPS","tom.b@ti.com","TLC555QDR","20231130002","MAJOR_D","1470","FOLLOW_UP","","","NO","Delta_PCN_RA_LAMPS.eml"
"LAMPS","tom.b@ti.com","TLC555QDR","20260217004","MAJOR","1470","FOLLOW_UP","","","NO","Delta_PCN_RA_LAMPS.eml"
"LAMPS","tom.b@ti.com","TLV2771CDBVR","20240306003","MAJOR","345.87","FOLLOW_UP","","","NO","Delta_PCN_RA_LAMPS.eml"
"LAMPS","tom.b@ti.com","TLV3012AQDCKRQ1","20250109000","MAJOR_D","182520","FOLLOW_UP","","","NO","Delta_PCN_RA_LAMPS.eml"
"LAMPS","tom.b@ti.com","TLV333IDCKR","20240326001","MAJOR","18090","FOLLOW_UP","","","NO","Delta_PCN_RA_LAMPS.eml"
"LAMPS","tom.b@ti.com","TLV7211IDCKR","20231204002","MAJOR","667.2","FOLLOW_UP","","","NO","Delta_PCN_RA_LAMPS.eml"
"LAMPS","tom.b@ti.com","TLV9022DGKR","20260115002","MAJOR_D","1421780.5","FOLLOW_UP","","","NO","Delta_PCN_RA_LAMPS.eml"
"LAMPS","tom.b@ti.com","TLV9051IDBVR","20240304000","MAJOR_D","22427.989999999998","FOLLOW_UP","","","NO","Delta_PCN_RA_LAMPS.eml"
"LAMPS","tom.b@ti.com","TLV9061IDBVR","20240729000","MAJOR_D","159824.4","FOLLOW_UP","","","NO","Delta_PCN_RA_LAMPS.eml"
"LAMPS","tom.b@ti.com","TLV9061IDCKR","20240729000","MAJOR_D","8415","FOLLOW_UP","","","NO","Delta_PCN_RA_LAMPS.eml"
"LAMPS","tom.b@ti.com","TLV9062IDGKR","20240729000","MAJOR_D","728514.5","FOLLOW_UP","","","NO","Delta_PCN_RA_LAMPS.eml"
"LAMPS","tom.b@ti.com","TLV9062IDSGR","20240729000","MAJOR_D","379.5","FOLLOW_UP","","","NO","Delta_PCN_RA_LAMPS.eml"
"LAMPS","tom.b@ti.com","TLV9062IDSGR","20251014000","MAJOR","379.5","FOLLOW_UP","","","NO","Delta_PCN_RA_LAMPS.eml"
"LAMPS","tom.b@ti.com","TLV9062IPWR","20240729000","MAJOR_D","483.2","FOLLOW_UP","","","NO","Delta_PCN_RA_LAMPS.eml"
"LAMPS","tom.b@ti.com","TLV9064IDR","20240729000","MAJOR_D","901640.5","FOLLOW_UP","","","NO","Delta_PCN_RA_LAMPS.eml"
"LAMPS","tom.b@ti.com","TLV9064IPWR","20240729000","MAJOR_D","255726.2","FOLLOW_UP","","","NO","Delta_PCN_RA_LAMPS.eml"
"LAMPS","tom.b@ti.com","TS321QDBVRQ1","20250806001","MAJOR","47847","FOLLOW_UP","","","NO","Delta_PCN_RA_LAMPS.eml"
"LP","j-caton@ti.com","LM317DCYR","20250618000","MAJOR_D","21149.5","FOLLOW_UP","","","NO","Delta_PCN_RA_LP.eml"
"LP","j-caton@ti.com","LM317KTTR","20250618000","MAJOR_D","1430","FOLLOW_UP","","","NO","Delta_PCN_RA_LP.eml"
"LP","j-caton@ti.com","LM4040C50QDBZR","20250327004","MAJOR_D","586.5","FOLLOW_UP","","","NO","Delta_PCN_RA_LP.eml"
"LP","j-caton@ti.com","LM4041A12IDCKR","20241119008","MAJOR","8256","FOLLOW_UP","","","NO","Delta_PCN_RA_LP.eml"
"LP","j-caton@ti.com","LM4041C12IDCKR","20240814000","MAJOR_D","7282.5","FOLLOW_UP","","","NO","Delta_PCN_RA_LP.eml"
"LP","j-caton@ti.com","LM4041C12IDCKR","20241119008","MAJOR","7282.5","FOLLOW_UP","","","NO","Delta_PCN_RA_LP.eml"
"LP","j-caton@ti.com","LM4041C12IDCKR","20250327004","MAJOR_D","7282.5","FOLLOW_UP","","","NO","Delta_PCN_RA_LP.eml"
"LP","j-caton@ti.com","LM4041C12QDBZR","20250327004","MAJOR_D","241.5","FOLLOW_UP","","","NO","Delta_PCN_RA_LP.eml"
"LP","j-caton@ti.com","REF5045IDR","20240628012","MAJOR","7000","FOLLOW_UP","","","NO","Delta_PCN_RA_LP.eml"
"LP","j-caton@ti.com","SN75468DR","20240613009","MAJOR","761.7","FOLLOW_UP","","","NO","Delta_PCN_RA_LP.eml"
"LP","j-caton@ti.com","TL4050B25QDBZRQ1","20260226000","MAJOR_D","18993.2","FOLLOW_UP","","","NO","Delta_PCN_RA_LP.eml"
"LP","j-caton@ti.com","TL4050C20QDBZRQ1","20260226000","MAJOR_D","402","FOLLOW_UP","","","NO","Delta_PCN_RA_LP.eml"
"LP","j-caton@ti.com","TL4050C50QDBZRQ1","20260226000","MAJOR_D","7506.2","FOLLOW_UP","","","NO","Delta_PCN_RA_LP.eml"
"LP","j-caton@ti.com","TL431BIDCKR","20240614001","MAJOR_D","2607","FOLLOW_UP","","","NO","Delta_PCN_RA_LP.eml"
"LP","j-caton@ti.com","TL431BIDCKR","20241119007","MAJOR","2607","FOLLOW_UP","","","NO","Delta_PCN_RA_LP.eml"
"LP","j-caton@ti.com","TL431BQDCKR","20240614001","MAJOR_D","264","FOLLOW_UP","","","NO","Delta_PCN_RA_LP.eml"
"LP","j-caton@ti.com","TL431BQDCKR","20241119007","MAJOR","264","FOLLOW_UP","","","NO","Delta_PCN_RA_LP.eml"
"LP","j-caton@ti.com","TL431IDR","20240826002","MAJOR","375","FOLLOW_UP","","","NO","Delta_PCN_RA_LP.eml"
"LP","j-caton@ti.com","TLV1117CDCYR","20250618008","MAJOR_D","21285","FOLLOW_UP","","","NO","Delta_PCN_RA_LP.eml"
"LP","j-caton@ti.com","TLV1117IDCYR","20250618008","MAJOR_D","15438.5","FOLLOW_UP","","","NO","Delta_PCN_RA_LP.eml"
"LP","j-caton@ti.com","TLV431BIDBVR","20241217004","MAJOR_D","1607.6999999999998","FOLLOW_UP","","","NO","Delta_PCN_RA_LP.eml"
"LP","j-caton@ti.com","TLV73312PQDBVRQ1","20260223008","MAJOR","225","FOLLOW_UP","","","NO","Delta_PCN_RA_LP.eml"
"LP","j-caton@ti.com","TLVH431AIDBVR","20241217004","MAJOR_D","11395.2","FOLLOW_UP","","","NO","Delta_PCN_RA_LP.eml"
"LP","j-caton@ti.com","TLVH431BIDBVR","20241217004","MAJOR_D","45281.7","FOLLOW_UP","","","NO","Delta_PCN_RA_LP.eml"
"LP","j-caton@ti.com","TLVH431BQDBVR","20241217004","MAJOR_D","552","FOLLOW_UP","","","NO","Delta_PCN_RA_LP.eml"
"LP","j-caton@ti.com","TPS16851VMAR","20260312000","MAJOR_D","12155","FOLLOW_UP","","","NO","Delta_PCN_RA_LP.eml"
"LP","j-caton@ti.com","TPS1H000AQDGNRQ1","20260617000","MAJOR_D","3058.5","FOLLOW_UP","","","NO","Delta_PCN_RA_LP.eml"
"LP","j-caton@ti.com","TPS1H200AQDGNRQ1","20231221003","MAJOR","1527.59","FOLLOW_UP","","","NO","Delta_PCN_RA_LP.eml"
"LP","j-caton@ti.com","TPS1HC100BQPWPRQ1","20260108000","MAJOR_D","37320","FOLLOW_UP","","","NO","Delta_PCN_RA_LP.eml"
"LP","j-caton@ti.com","TPS2042BDGNR","20240628011","MAJOR_D","1122.5","FOLLOW_UP","","","NO","Delta_PCN_RA_LP.eml"
"LP","j-caton@ti.com","TPS259807ONRGER","20260529001","MAJOR_D","10470","FOLLOW_UP","","","NO","Delta_PCN_RA_LP.eml"
"LP","j-caton@ti.com","TPS259824ONRGER","20260529001","MAJOR_D","148500","FOLLOW_UP","","","NO","Delta_PCN_RA_LP.eml"
"LP","j-caton@ti.com","TPS259827LNRGER","20260529001","MAJOR_D","6085.8","FOLLOW_UP","","","NO","Delta_PCN_RA_LP.eml"
"LP","j-caton@ti.com","TPS259827ONRGER","20260529001","MAJOR_D","19110","FOLLOW_UP","","","NO","Delta_PCN_RA_LP.eml"
"LP","j-caton@ti.com","TPS26630RGER","20240923006","MAJOR_D","259080","FOLLOW_UP","","","NO","Delta_PCN_RA_LP.eml"
"LP","j-caton@ti.com","TPS26636PWPR","20240923006","MAJOR_D","1560","FOLLOW_UP","","","NO","Delta_PCN_RA_LP.eml"
"LP","j-caton@ti.com","TPS3435CAKAGDDFRQ1","20260113001","MAJOR_D","53.2","FOLLOW_UP","","","NO","Delta_PCN_RA_LP.eml"
"LP","j-caton@ti.com","TPS3813I50DBVR","20240921001","MAJOR_D","760.5","FOLLOW_UP","","","NO","Delta_PCN_RA_LP.eml"
"LP","j-caton@ti.com","TPS3813K33DBVR","20240921001","MAJOR_D","7590","FOLLOW_UP","","","NO","Delta_PCN_RA_LP.eml"
"LP","j-caton@ti.com","TPS3831E16DQNR","20251014000","MAJOR","1035.5","FOLLOW_UP","","","NO","Delta_PCN_RA_LP.eml"
"LP","j-caton@ti.com","TPS48111LQDGXRQ1","20240408001","MAJOR_D","145000","FOLLOW_UP","","","NO","Delta_PCN_RA_LP.eml"
"LP","j-caton@ti.com","TPS48111LQDGXRQ1","20260429000","MAJOR_D","145000","FOLLOW_UP","","","NO","Delta_PCN_RA_LP.eml"
"LP","j-caton@ti.com","TPS4H160AQPWPRQ1","20260504006","MAJOR_D","3579","FOLLOW_UP","","","NO","Delta_PCN_RA_LP.eml"
"LP","j-caton@ti.com","TPS71733DCKT","20240326001","MAJOR","17600","FOLLOW_UP","","","NO","Delta_PCN_RA_LP.eml"
"LP","j-caton@ti.com","TPS73001DBVR","20250910001","MAJOR_D","4492.4","FOLLOW_UP","","","NO","Delta_PCN_RA_LP.eml"
"LP","j-caton@ti.com","TPS73133DBVR","20250910002","MAJOR_D","3024.6","FOLLOW_UP","","","NO","Delta_PCN_RA_LP.eml"
"LP","j-caton@ti.com","TPS73601DBVR","20241015001","MAJOR_D","8358","FOLLOW_UP","","","NO","Delta_PCN_RA_LP.eml"
"LP","j-caton@ti.com","TPS73601DBVR","20250910002","MAJOR_D","8358","FOLLOW_UP","","","NO","Delta_PCN_RA_LP.eml"
"LP","j-caton@ti.com","TPS73601DRBR","20241015001","MAJOR_D","89640","FOLLOW_UP","","","NO","Delta_PCN_RA_LP.eml"
"LP","j-caton@ti.com","TPS73618DBVR","20241015001","MAJOR_D","2592","FOLLOW_UP","","","NO","Delta_PCN_RA_LP.eml"
"LP","j-caton@ti.com","TPS73618DBVR","20250910002","MAJOR_D","2592","FOLLOW_UP","","","NO","Delta_PCN_RA_LP.eml"
"LP","j-caton@ti.com","TPS73633DBVR","20241015001","MAJOR_D","49380","FOLLOW_UP","","","NO","Delta_PCN_RA_LP.eml"
"LP","j-caton@ti.com","TPS73633DBVR","20250910002","MAJOR_D","49380","FOLLOW_UP","","","NO","Delta_PCN_RA_LP.eml"
"LP","j-caton@ti.com","TPS79301DBVR","20250618006","MAJOR_D","4560","FOLLOW_UP","","","NO","Delta_PCN_RA_LP.eml"
"LP","j-caton@ti.com","TPS79301DBVRQ1","20250924000","MAJOR_D","40596","FOLLOW_UP","","","NO","Delta_PCN_RA_LP.eml"
"LP","j-caton@ti.com","TPS79501DCQR","20251022002","MAJOR_D","15422.5","FOLLOW_UP","","","NO","Delta_PCN_RA_LP.eml"
"LP","j-caton@ti.com","TPS7B4253QDDARQ1","20260218004","MAJOR_D","9591","FOLLOW_UP","","","NO","Delta_PCN_RA_LP.eml"
"LP","j-caton@ti.com","TPS7B4254QDDARQ1","20260218004","MAJOR_D","4689.5","FOLLOW_UP","","","NO","Delta_PCN_RA_LP.eml"
"LP","j-caton@ti.com","TPSI3052QDWZRQ1","20260223008","MAJOR","325660","FOLLOW_UP","","","NO","Delta_PCN_RA_LP.eml"
"LP","j-caton@ti.com","UA78L05ACPK","20230927001","MAJOR","7984.5","FOLLOW_UP","","","NO","Delta_PCN_RA_LP.eml"
"MD","","DRV8812RHDR","20250616001","MAJOR","196578","FOLLOW_UP","","","NO","Delta_PCN_RA_MD.eml"
"MSP","2WYO@ti.com","M0G3507QRHBRQ1","20251015003","MAJOR_D","62928","FOLLOW_UP","","","NO","Delta_PCN_RA_MSP.eml"
"MSP","2WYO@ti.com","M0G3507QRHBRQ1","20260603000","MAJOR","62928","FOLLOW_UP","","","NO","Delta_PCN_RA_MSP.eml"
"MSP","2WYO@ti.com","MSP430FR2475TRHAR","20251014000","MAJOR","378.58","FOLLOW_UP","","","NO","Delta_PCN_RA_MSP.eml"
"MSP","2WYO@ti.com","MSPM0G1107TPTR","20260603000","MAJOR","12705","FOLLOW_UP","","","NO","Delta_PCN_RA_MSP.eml"
"MSP","2WYO@ti.com","MSPM0G1506SPTR","20260603000","MAJOR","3220","FOLLOW_UP","","","NO","Delta_PCN_RA_MSP.eml"
"MSP","2WYO@ti.com","MSPM0G1507SPTR","20260603000","MAJOR","3780","FOLLOW_UP","","","NO","Delta_PCN_RA_MSP.eml"
"MSP","2WYO@ti.com","MSPM0G3107SRHBR","20260603000","MAJOR","7360.5","FOLLOW_UP","","","NO","Delta_PCN_RA_MSP.eml"
"MSP","2WYO@ti.com","MSPM0G3506SRHBR","20260603000","MAJOR","12690","FOLLOW_UP","","","NO","Delta_PCN_RA_MSP.eml"
"MSP","2WYO@ti.com","MSPM0G3507SRGZR","20260603000","MAJOR","2176","FOLLOW_UP","","","NO","Delta_PCN_RA_MSP.eml"
"PROCESSORS","jhelber@ti.com","AM3352BZCZD60","20240325001","MAJOR","17832.53","ACQUIRED","RA-COVERAGE-20240325001","__RA_COVERAGE_TRACKER__","NO","Delta_PCN_RA_PROCESSORS.eml"
"PROCESSORS","jhelber@ti.com","AM6412BSCGHAALV","20231106002","MAJOR_D","503.89","FOLLOW_UP","","","NO","Delta_PCN_RA_PROCESSORS.eml"
"PROCESSORS","jhelber@ti.com","AM6422BSDGHAALV","20231106002","MAJOR_D","1583265.6","FOLLOW_UP","","","NO","Delta_PCN_RA_PROCESSORS.eml"
"SENSING","rye@ti.com","INA199B1DCKR","20260617001","MAJOR","2808","FOLLOW_UP","","","NO","Delta_PCN_RA_SENSING.eml"
"SENSING","rye@ti.com","INA210AIDCKR","20260522001","MAJOR","37081","FOLLOW_UP","","","NO","Delta_PCN_RA_SENSING.eml"
"SENSING","rye@ti.com","INA210BIDCKR","20260522001","MAJOR","920604.6","FOLLOW_UP","","","NO","Delta_PCN_RA_SENSING.eml"
"SENSING","rye@ti.com","INA210CQDCKRQ1","20260522001","MAJOR","5175","FOLLOW_UP","","","NO","Delta_PCN_RA_SENSING.eml"
"SENSING","rye@ti.com","INA211BIDCKR","20260522001","MAJOR","115166.9","FOLLOW_UP","","","NO","Delta_PCN_RA_SENSING.eml"
"SENSING","rye@ti.com","INA211BIDCKT","20260522001","MAJOR","4131","FOLLOW_UP","","","NO","Delta_PCN_RA_SENSING.eml"
"SENSING","rye@ti.com","INA212AIDCKR","20260609002","MAJOR","711","FOLLOW_UP","","","NO","Delta_PCN_RA_SENSING.eml"
"SENSING","rye@ti.com","INA213AIDCKT","20260522001","MAJOR","1136","FOLLOW_UP","","","NO","Delta_PCN_RA_SENSING.eml"
"SENSING","rye@ti.com","INA213AQDCKRQ1","20260609002","MAJOR","870","FOLLOW_UP","","","NO","Delta_PCN_RA_SENSING.eml"
"SENSING","rye@ti.com","INA213BIDCKR","20260522001","MAJOR","189192.8","FOLLOW_UP","","","NO","Delta_PCN_RA_SENSING.eml"
"SENSING","rye@ti.com","INA214AIDCKR","20260522001","MAJOR","15892","FOLLOW_UP","","","NO","Delta_PCN_RA_SENSING.eml"
"SENSING","rye@ti.com","INA214AQDCKRQ1","20260609002","MAJOR","87818","FOLLOW_UP","","","NO","Delta_PCN_RA_SENSING.eml"
"SENSING","rye@ti.com","INA214BIDCKR","20260522001","MAJOR","508699.2","FOLLOW_UP","","","NO","Delta_PCN_RA_SENSING.eml"
"SENSING","rye@ti.com","INA214CQDCKRQ1","20260522001","MAJOR","11263","FOLLOW_UP","","","NO","Delta_PCN_RA_SENSING.eml"
"SENSING","rye@ti.com","INA215AIDCKR","20260522001","MAJOR","600","FOLLOW_UP","","","NO","Delta_PCN_RA_SENSING.eml"
"SENSING","rye@ti.com","TMCS1100A1QDR","20251015004","MAJOR_D","22000","FOLLOW_UP","","","NO","Delta_PCN_RA_SENSING.eml"
"SENSING","rye@ti.com","TMCS1126A8AQDVGRQ1","20260612001","MAJOR_D","1710","FOLLOW_UP","","","NO","Delta_PCN_RA_SENSING.eml"
"SENSING","rye@ti.com","TMCS1126B9AQDVGRQ1","20260612001","MAJOR_D","148150.6","FOLLOW_UP","","","NO","Delta_PCN_RA_SENSING.eml"
"SENSING","rye@ti.com","TMCS1126BDAQDVGRQ1","20260306001","MAJOR_D","1030.28","FOLLOW_UP","","","NO","Delta_PCN_RA_SENSING.eml"
"SENSING","rye@ti.com","TMCS1126BDAQDVGRQ1","20260612001","MAJOR_D","1030.28","FOLLOW_UP","","","NO","Delta_PCN_RA_SENSING.eml"
"SENSING","rye@ti.com","TMCS1133B1AQDVGRQ1","20260612001","MAJOR_D","28800","FOLLOW_UP","","","NO","Delta_PCN_RA_SENSING.eml"
"SENSING","rye@ti.com","TMCS1133B8AQDVGR","20260602000","MAJOR_D","180000","FOLLOW_UP","","","NO","Delta_PCN_RA_SENSING.eml"
"SENSING","rye@ti.com","TMCS1133C1AQDVGR","20260602000","MAJOR_D","2800","FOLLOW_UP","","","NO","Delta_PCN_RA_SENSING.eml"
"SENSING","rye@ti.com","TMCS1133C5AQDVGR","20260602000","MAJOR_D","29400","FOLLOW_UP","","","NO","Delta_PCN_RA_SENSING.eml"
"SENSING","rye@ti.com","TMCS1133C9AQDVGR","20260602000","MAJOR_D","46800","FOLLOW_UP","","","NO","Delta_PCN_RA_SENSING.eml"
"SENSING","rye@ti.com","TMP6131QDECRQ1","20231204003","MAJOR_D","1040","FOLLOW_UP","","","NO","Delta_PCN_RA_SENSING.eml"
"SR","aten-li@ti.com","LM517701DCPR","20260212002","MAJOR_D","1035903.09","FOLLOW_UP","","","NO","Delta_PCN_RA_SR.eml"
"SR","aten-li@ti.com","LM536005QDSXRQ1","20231221003","MAJOR","5487","ACQUIRED","RA-COVERAGE-20231221003","__RA_COVERAGE_TRACKER__","NO","Delta_PCN_RA_SR.eml"
"SR","aten-li@ti.com","LM63625DQDRRRQ1","20260713002","MAJOR_D","54754","FOLLOW_UP","","","NO","Delta_PCN_RA_SR.eml"
"SR","aten-li@ti.com","LMR14020SQDPRRQ1","20250213003","MAJOR_D","188991.28","FOLLOW_UP","","","NO","Delta_PCN_RA_SR.eml"
"SR","aten-li@ti.com","LMR38025FSQDRRRQ1","20260529005","MAJOR_D","7500","ACQUIRED","RA-COVERAGE-20260529005","__RA_COVERAGE_TRACKER__","NO","Delta_PCN_RA_SR.eml"
"SR","aten-li@ti.com","TPS40304DRCR","20240320000","MAJOR","46553.7","FOLLOW_UP","","","NO","Delta_PCN_RA_SR.eml"
"SR","aten-li@ti.com","TPS54061DRBT","20231222000","MAJOR","954","ACQUIRED","RA-COVERAGE-20231222000","__RA_COVERAGE_TRACKER__","NO","Delta_PCN_RA_SR.eml"
"SR","aten-li@ti.com","TPS54202DDCR","20260223006","MAJOR_D","11148","FOLLOW_UP","","","NO","Delta_PCN_RA_SR.eml"
"SR","aten-li@ti.com","TPS5420DR","20260427001","MAJOR_D","30712.75","ACQUIRED","RA-COVERAGE-20260427001","__RA_COVERAGE_TRACKER__","NO","Delta_PCN_RA_SR.eml"
"SR","aten-li@ti.com","TPS54302DDCR","20260415003","MAJOR_D","18992.4","FOLLOW_UP","","","NO","Delta_PCN_RA_SR.eml"
"SR","aten-li@ti.com","TPS5430DDAR","20260427001","MAJOR_D","190965","ACQUIRED","RA-COVERAGE-20260427001","__RA_COVERAGE_TRACKER__","NO","Delta_PCN_RA_SR.eml"
"SR","aten-li@ti.com","TPS5430QDDARQ1","20260427001","MAJOR_D","590240.8","ACQUIRED","RA-COVERAGE-20260427001","__RA_COVERAGE_TRACKER__","NO","Delta_PCN_RA_SR.eml"
"SR","aten-li@ti.com","TPS54425PWPR","20240612000","MAJOR","26800","FOLLOW_UP","","","NO","Delta_PCN_RA_SR.eml"
"SR","aten-li@ti.com","TPS54426PWPR","20240612000","MAJOR","7919","FOLLOW_UP","","","NO","Delta_PCN_RA_SR.eml"
"SR","aten-li@ti.com","TPS563201DDCR","20240729001","MAJOR_D","52050","FOLLOW_UP","","","NO","Delta_PCN_RA_SR.eml"
"SR","aten-li@ti.com","TPS563201DDCR","20241014000","MAJOR_D","52050","FOLLOW_UP","","","NO","Delta_PCN_RA_SR.eml"
"SR","aten-li@ti.com","TPS563208DDCR","20240729001","MAJOR_D","198","FOLLOW_UP","","","NO","Delta_PCN_RA_SR.eml"
"SR","aten-li@ti.com","TPS563208DDCR","20241014000","MAJOR_D","198","FOLLOW_UP","","","NO","Delta_PCN_RA_SR.eml"
"SR","aten-li@ti.com","TPS60402DBVR","20260206004","MAJOR","840","ACQUIRED","RA-COVERAGE-20260206004","__RA_COVERAGE_TRACKER__","NO","Delta_PCN_RA_SR.eml"
